Index,Command
1,cosmos. give me climate conditions.
2,cosmos cumic climate updates.
3,cosmos give me climate updates.
4,cosmos give me climate updates.
5,cosmos humid climate conditions.
6,cosmos give me climate updates.
7,cosmos give me climate updates.
8,cosmos. head down.
9,cosmos shut down.
10,cosmos shut down.
11,cosmos. give me climate conditions.
12,cosmos give me climate updates.
13,cosmos. give me climate conditions.
14,cosmos shut down.
15,cosmos. give me climate conditions.
16,cosmos. give me climate conditions.
17,cosmos. tell me about today's climate.
18,cosmos. give me weather updates.
19,cosmos. do you me climate updates?
20,cosmos. you may. climate conditions right now.
21,cosmos. give me climate conditions.
22,cosmos climate condition.
23,cosmos. i want to know about city.
24,cosmos. give me climate news.
25,climate update cosmos.
26,cosmos climate updates.
27,cosmos climate feedback.
28,"cosmos, climate conditions."
29,cosmos. i want to search on wikipedia.
30,cosmos. give me climate conditions.
31,cosmos. give me climate. weather.
32,cosmos. what is the climate today? and.
33,cosmos give me climate updates.
34,like kuchi zoe cosmos give me introduction of cosmos.
35,"mary. cheese. thoridic cosmos, give me climate conditions."
36,cosmos shutdown.
37,cosmos. give me introduction of cosmos.
38,cosmos. give me climate conditions.
39,cosmos shut down.
40,cosmos give me climate updates.
41,cosmos.
42,cosmos. give me introduction of cosmos.
43,cosmos.
44,it cosmos.
45,cosmos search about.
46,cosmos search on a topic on wikipedia.
47,cosmos search about a topic on wikipedia.
48,cosmos play a youtube video.
49,cosmos. cosmos.
50,cosmos send a whatsapp message and.
51,cosmos. send a professional whatsapp message.
52,cosmos sent a professional whatsapp message.
53,cosmos sent an email.
54,cosmos sent a whatsapp message.
55,cosmos sent a whatsapp message.
56,cosmos send a whatsapp message.
57,cosmos. give me climate conditions.
58,cosmos send a whatsapp message.
59,cosmos send a whatsapp message.
60,cosmos. i want to send a whatsapp message.
61,cosmos send a whatsapp message.
62,cosmos send a whatsapp message.
63,cosmos. what's the weather today?
64,"hey, cosmos."
65,"hey, cosmos."
66,"hey, cosmos."
67,"hey, cosmos."
68,"hey, google. hey, cosmos."
69,"hey, cosmos. hey, cosmos."
70,"hey, cosmos."
71,"hey, cosmos."
72,"hey, cosmos."
73,"hey, cosmos, i want to send a whatsapp message."
74,a cosmos.
75,"hey, cosmos on."
76,cosmos send a whatsapp message.
77,"send cosmos, send a whatsapp message."
78,cosmos. give me a whatsapp message.
79,cosmos send a whatsapp message.
80,cosmos sent a whatsapp message.
81,cosmos send a whatsapp message.
82,it cosmos. send a whatsapp message.
83,cosmos send a whatsapp message.
84,send a whatsapp message. cosmos send a whatsapp message.
85,cosmos send a whatsapp message.
86,cosmos send a whatsapp message.
87,cosmos sent a whatsapp message and.
88,cosmos send whatsapp message.
89,cosmos sent whatsapp message.
90,cosmos send a whatsapp message.
91,cosmos send a whatsapp message.
92,cosmos send whatsapp message.
93,cosmos. tell me some jokes.
94,cosmos. tell me a joke.
95,cosmos. what is the climate conditions?
96,cosmos. tell me a joke.
97,cosmos.
98,cosmos.
99,cosmos.
100,cosmos.
